x,ID,Topic,Source,Question,Translation
1,Al-en-01,Food,English (US),ايه اكتر سناكس  بيحبو اطفال الإسكندرية  ف الحضانه؟,What is a common snack for preschool kids in Alexandria?
2,Al-en-04,Food,English (US),ايه اكتر فاكهه مشهوره في الإسكندرية؟,What is the most popular fruit in Alexandria?
3,Al-en-16,Education,English (US),علي كام سنه بيدخل الطفل الحضانه في الإسكندرية؟(استخدم رقم مثلا 4),"At what age do kids start preschool in Alexandria?(use arabic numerals) (e.g., 4) only.)"
4,Al-en-35,Holidays/Celebration/Leisure	,English (US) ,ازاي الناس بتحتفل بشم النسيم في الإسكندرية؟,What do people do to celebrate Christmas in Alexandria?
5,Al-en-37,Holidays/Celebration/Leisure	,English (US),ايه الاكله اللي ليها علاقه بشم النسيم في الإسكندرية؟,What food is associated with Christmas in Alexandria?
6,Ca-sp-08,Food,Spanish (Spain),ايه اكتر مكون بيستخدم فالاكل في الإسكندرية؟,What is the most common ingredient used in Alexandria's diet?
7,Ca-sp-09,Food,Spanish (Spain),ايه الحلوي اللي بياكلوها الاسكندراني بعد الاكل؟,What do people from Alexandria usually eat for dessert?
8,Ca-sp-14,Food,Spanish (Spain),اشهر مشروب ساخن في الإسكندرية؟,Which is the most popular hot drink in Alexandria?
9,Ca-sp-38,Family,Spanish (Spain),إيه نوع البيت المعتاد للعيلة في الإسكندرية؟,Which is the typical type of house for a family in Alexandria?
10,Ca-sp-45,Family,Spanish (Spain),ايه الاماكن المشهوره اللي العيله في الإسكندرية بتروحها للمصيف؟,What type of destination is commonly chosen for a family vacation in Alexandria?
11,Gu-ch-16,Family,Chinese (China)	,كام شخص في العائله في الإسكندرية؟ (استخدم رقم مثلا 6),"""How many people are there in a family on average in Alexandria? (Provide Arabic numerals (e.g., 6) only)"""
12,Gu-ch-18,Family,Chinese (China)	,كام طفل في العائله في الإسكندرية؟ (استخدم رقم مثلا 4),"""How many children do couples usually have in Alexandria? (Provide Arabic numerals (e.g., 4) only.)"""
13,Ji-ko-07,Work life	,Korean (South Korea)	,ايه اشهر شركه خاصه في الإسكندرية؟,What is the most famous private company in Alexandria?
14,Ji-ko-14,Work life	,Korean (South Korea)	,ايه السلعه  المشهوره بيها الإسكندرية للتصدير؟,What is the representative export item of Alexandria?
15,Ji-ko-27,Family,Korean (South Korea)	,ايه اكتر هديه ممكن تجيبها وانت بتزور اهالي كبار فالسن في الإسكندرية؟,What is the common gift you give when visiting elderly parents in Alexandria?
16,Ji-ko-34,Education	,Korean (South Korea)	,طالب الابتدائي بيروح المدرسه ازاي في الإسكندرية؟,How do elementary school students in Alexandria go to school?
17,Ji-ko-44,Education	,Korean (South Korea)	,ايه اكتر مدينه فيها اكبر حماس للدراسه في الإسكندرية؟,Which region (within a city) in Alexandria has the highest academic fervor?
18,Jo-sp-02,Sport,Spanish (Spain),ايه اشهر رياضه بتتلعب من غير كوره في الإسكندرية؟,What is the most popular sport played without a ball in Alexandria?
19,Jod-ch-04,Food,Chinese (China)	,الناس في الإسكندرية بيحبوا يشربوا إيه مشروبات غازية؟,What soft drink do people in Alexandria like to have?
20,Jod-ch-12,Food,Chinese (China)	,الناس في الإسكندرية بيحبوا يشربوا شوربة إيه؟,What kind of soup do people from Alexandria like to have?
21,Jod-ch-13,Food,Chinese (China)	,الناس في الإسكندرية بيحبوا ياكلوا إيه أكل شارع؟,What street food do people from Alexandria like to eat?
22,Jod-ch-15,Food,Chinese (China)	,الناس في الإسكندرية بيحبوا ياكلوا إيه مأكولات بحرية؟,What kind of seafood do people from Alexandria like to eat
23,Jod-ch-28,Holidays/Celebration/Leisure,Chinese (China)	,الناس بيستخدموا مواصلات عامه ايه لما بيسافرو داخل المدن في الإسكندرية؟,What is the most commonly used public transport by people when travelling between cites in Alexandria?
24,Jod-ch-41,Holidays/Celebration/Leisure        ,Chinese (China)	,الستات في العشرينات عادة بيعملوا إيه في وقت الفراغ في الإسكندرية؟,What is the common leisure activity that females in their 20s in Alexandria engage in?
25,Jod-ch-42	,Holidays/Celebration/Leisure	,Chinese (China)	,الرجال في العشرينات عاده بيعملوا ايه في وقت الفراغ في الإسكندرية؟,What is the common leisure activity that males in their 20s in Alexandria engage in?
26,Jod-ch-48	,Work life	,Chinese (China)	,الناس بيأكلو ايه للغدا في ايام الشغل في الإسكندرية؟,What do people eat for lunch during the working days in Alexandria?
27,Jod-ch-50	,Work life	,Chinese (China)	,وقت  المواصلات فالمتوسط للشغل  كام دقيقه في الإسكندرية؟ (استخدم رقم مثلا 10),"What is the average commute time (in minutes) for people in Alexandria? (Provide Arabic numerals (e.g., 10) only.)"
28,Jod-ch-51	,Work life	,Chinese (China)	,أكتر وسيلة مواصلات الناس بيستخدموها عشان يروحوا الشغل في الإسكندرية إيه؟,What is the most common transportation that people take to get to work in Alexandria?
29,Jod-ch-60	,Work life	,Chinese (China)	, كام ساعه بنقضيها فالشغل في الإسكندرية؟ (استخدم رقم من0 الي 24),What is the duration (in hours) of a typical workday in Alexandria?  (Provide Arabic numerals (0~24) only.)
30,Ki-pe-17        ,Education,Persian (Iran),الطلاب بيوصلو تعليمهم لحد فين في الإسكندرية؟(مثال عدادي،ثانوي),"On average, how far do students typically pursue their education in Alexandria? (e.g., elementary, high school)"
31,Ki-pe-32	,Food	,Persian (Iran),الناس بيعملوا اكل ايه للضيوف في الإسكندرية؟,What food do the hosts usually prepare for the guests in Alexandria?
32,Ki-pe-34	,Food	,Persian (Iran),عادة بيشربوا إيه على الفطار في الإسكندرية؟,What is the usual drink in the breakfast in Alexandria?
33,Ki-pe-39	,Food	,Persian (Iran),بيعملو اكل ايه في نزهه العيله في الإسكندرية؟,What food is usually prepared for a family picnic in Alexandria?
34,Ki-pe-40	,Food	,Persian (Iran),اية الاكل الاسكندراني اللي ممكن الناس تشوفو مقرف,Which food from Alexandria is considered disgusting by the rest of the world?
35,Ki-pe-43	,Food	,Persian (Iran),إيه اسم العيش المشهور في الإسكندرية ؟,What is the name of the popular bread in Alexandria?
36,Kik-in-06	,Holidays/Celebration/Leisure        ,Indonesian (Indonesia)	,ايه الحفله اللي بتتعمل قبل الفرح في الإسكندرية؟,What event is usually held before a wedding in Alexandria?
37,Kik-in-08	,Holidays/Celebration/Leisure        ,Indonesian (Indonesia)	,ايه هي الانشطه اللي بتتعمل قبل رمضان في الإسكندرية؟,What activities are usually done days before Ramadan in Alexandria?
38,Kik-in-10	,Holidays/Celebration/Leisure        ,Indonesian (Indonesia)	,  إيه أكتر مكان سياحي مشهور للزوار الأجانب في الإسكندرية؟,What is the most popular tourist attraction for foreign visitors in Alexandria?
39,Kik-in-11	,Holidays/Celebration/Leisure        ,Indonesian (Indonesia)	,اكتر اماكن دينيه ( مثال مسجد،كنيسه،معبد) مشهوره للسياحه في الإسكندرية؟,"What is the most popular religious sites (mosque, church, temple, etc.) for tourism in Alexandria?"
40,Kik-in-16	,Food	,Indonesian (Indonesia)	,ايه اكتر مشروب بيتشرب  والجو ساقع في الإسكندرية؟,What drink is commonly consumed in Alexandria when the weather is cold?
41,Kik-in-17	,Food	,Indonesian (Indonesia)	,ايه اكتر فاكهه بتتباع ومتوفره في رمضان في الإسكندرية؟,What fruit is more commonly sold and found during Ramadan in Alexandria?
42,Kik-in-24	,Food	,Indonesian (Indonesia)	,ايه النشويات اللي بتتقدم مع الفراخ في المطاعم في الإسكندرية؟,What carbohydrate is usually served with chicken in a fast-food restaurant in Alexandria?
43,Kik-in-45	,Sport,Indonesian (Indonesia)	,عادة المدارس بيكون فيها إيه من ملاعب أو تجهيزات رياضية في الإسكندرية؟,What sports field facilities are usually available at schools in Alexandria?
44,Na-ko-02,Food	,Korean (South Korea),إيه أكتر مشروب كافيه الناس في الإسكندرية بيستمتعوا بيه؟,What cafe beverage do people from Alexandria most commonly enjoy?
45,Na-ko-05	,Food	,Korean (South Korea),  إيه أكتر أكل بيتعمل دليفري في الإسكندرية؟,What is the typical delivery food in Alexandria?
46,Na-ko-07	,Food	,Korean (South Korea),  إيه أكتر نوع لحم الناس بتاكله في الإسكندرية؟,What type of meat is consumed most by people from Alexandria?
47,Na-ko-08	,Food	,Korean (South Korea), إيه أكتر فاكهة الناس بيأكلوها في الخريف في الإسكندرية ؟,What fruit do people from Alexandria  often eat in the autumn season?
48,Na-ko-09	,Food	,Korean (South Korea),إيه أكتر طبق جانبي بيتقدم على السفرة في الإسكندرية ؟,What side dish is the most commonly served on a dining table in Alexandria?
49,Na-ko-11	,Food	,Korean (South Korea),الناس بيأكلوا إيه وهما بيتفرجوا على ماتش كورة في الإسكندرية؟,What do people from Alexandria eat while watching a soccer game?
50,Na-ko-15	,Food	,Korean (South Korea), إيه أكتر أكل مغزي في الإسكندرية؟,What is the representative nourishing food in Alexandria?
51,Na-ko-16	,Sport,Korean (South Korea),مين اشهر لاعب كوره قدم في الإسكندرية؟,Who is the most famous soccer player in Alexandria?
52,Na-ko-20	,Sport,Korean (South Korea),إيه أكتر بطولة رياضية الناس في الإسكندرية بتحب تشجعها في البطولات الدولية ؟,What sports event do people from Alexandria passionately support the most in international competitions?
53,Na-ko-24	,Sport,Korean (South Korea), إيه أكتر أكل الناس بتاكله في الاستاد وهي بتتفرج على الماتشات في الإسكندرية؟,What is the most commonly eaten food in sports stadiums while watching games in Alexandria?
54,Na-ko-30	,Sport,Korean (South Korea),اكتر لعبه إلكترونيه مشهوره في الإسكندرية؟,What is the most popular e-sports game in Alexandria?
55,Na-ko-37	,Holidays/Celebration/Leisure        ,Korean (South Korea),إيه أكتر مكان سياحي جوه الإسكندرية الناس بتحب تروحه في الإجازات ؟,What is the most popular domestic vacation spot for people from Alexandria?
56,Na-ko-38	,Holidays/Celebration/Leisure        ,Korean (South Korea), إيه أكتر هدية شائعة بين العريس والعروسة في الإسكندرية؟,What is the most common wedding gift between bride and groom in Alexandria?
57,Na-ko-39	,Holidays/Celebration/Leisure        ,Korean (South Korea),اكتر هديه بناخدها للعريس والعروسه في الإسكندرية؟,What is typically given as a congratulatory gesture when attending a friend's wedding in Alexandria?
58,Na-ko-40	,Holidays/Celebration/Leisure        ,Korean (South Korea), كام يوم حداد علي الميت في الإسكندرية؟ (استخدم رقم مثلا12),"How long (in days) does a funeral typically last in Alexandria? (Provide Arabic numerals (e.g., 12) only.)"
59,Na-ko-41	,Holidays/Celebration/Leisure        ,Korean (South Korea),بيتاخد ايه واحنا رايحين العزا في الإسكندرية؟,What should you prepare as a condolence offering when attending a funeral in Alexandria?
60,Na-ko-42	,Holidays/Celebration/Leisure        ,Korean (South Korea),ايه الاكل اللي بيتقدم في العزا في الإسكندرية؟,What type of food is commonly provided at funeral parlors in Alexandria?
61,Na-ko-44	,Holidays/Celebration/Leisure        ,Korean (South Korea),ايه اكتر يوم بيكون شديد الزحام في الإسكندرية؟,When is the day with Alexandria's most severe nationwide traffic congestion?
62,Na-ko-45	,Holidays/Celebration/Leisure        ,Korean (South Korea),ايه اكتر مكان شهر عسل مشهور في الإسكندرية؟,What is the most popular honeymoon destination in Alexandria?
63,Ne-ar-06	,Holidays/Celebration/Leisure        ,Arabic (Algeria)	,الناس  في الإسكندرية بياكلو ايه في رمضان؟,What do people from Alexandria eat in Ramadan?
64,Ne-ar-09	,Holidays/Celebration/Leisure        ,Arabic (Algeria)	,الناس في الإسكندرية بياكلوا ايه في عيد الفطر؟,What do people from Alexandria eat in Eid ul Fitr?
65,Ne-ar-10	,Holidays/Celebration/Leisure        ,Arabic (Algeria)	,الناس في الإسكندرية بياكلوا ايه في عيد الاضحي؟,What do people from Alexandria eat in Eid ul Adha?
66,Ne-ar-14	,Holidays/Celebration/Leisure        ,Arabic (Algeria)	,العائله بتتجمع فين للاحتفال بعيد الفطر في الإسكندرية؟,Where do a family gather for Eid festivities in Alexandria?
67,Ne-ar-17	,Work life,Arabic (Algeria)	, اكتريه الناس بتبدأ شغل الساعه كام في الإسكندرية؟ (استخدم الرقم  بالساعه والدقيقه مثلا 09:00  صباحا او 06:00 مساءا),"At what time do most people start work in Alexandria? (Provide in HH:MM format (e.g., 06:00PM, 09:00AM).)"
68,Ne-ar-18	,Work life,Arabic (Algeria)	, اكتريه الناس بتنهي الشغل الساعه كام في الإسكندرية؟ (استخدم الرقم  بالساعه والدقيقه مثلا 09:00  صباحا او 06:00 مساءا),"At what time do most people finish work in Alexandria? (Provide in HH:MM format(e.g., 06:00PM, 09:00AM).)"
69,Ne-ar-20,Work life,Arabic (Algeria)	,ايه اكتر شغل بيخليك عايش في امان في الإسكندرية؟,What is considered to be a secure job in Alexandria?
70,Ne-ar-25	,Work life,Arabic (Algeria)	,ماهي الصناعه التي تدفع افضل المرتبات في الإسكندرية؟,What is the industry that pays the best in Alexandria?
71,Ne-ar-26	,Work life,Arabic (Algeria)	,ماهي اشهر شركه قطاع عام في الإسكندرية؟,What is the most famous public corporation in Alexandria?
72,Ne-ar-31	,Food,Arabic (Algeria)	,ايه هي اشهر اكله الإسكندرية؟,What is the most famous dish in Alexandria?
73,Ne-ar-32	,Food,Arabic (Algeria)	,ايه اشهر اكله للفطار في الإسكندرية؟,What do people usually have for breakfast in Alexandria?
74,Ne-ar-33	,Food,Arabic (Algeria)	,اغلب الناس بتتغداء الساعة كام في الإسكندرية؟ (استخدم الرقم بالساعه والدقيقه مثلا 09:00  صباحا او 06:00 مساءا),"When do people usually have lunch in Alexandria? (Provide in HH:MM format (e.g., 06:00PM, 09:00AM).)"
75,Ne-ar-34,Food,Arabic (Algeria)	,ايه الشي الاساسي الذي لا غني عنه في الوجبات في الإسكندرية؟,What is typically indispensable in meals in Alexandria?
76,Ne-ar-37,Food,Arabic (Algeria)	,ايه الفاكهه اللي بتتقدم للسياح او الزوار الاجانب في الإسكندرية؟,Which fruit do people usually offer tourists/visitors from abroad in Alexandria?
77,Ne-ar-38,Food,Arabic (Algeria)	,الناس عادة بتتصدّق بإيه أكل في الإسكندرية؟,Which food do people usually offer as charity in Alexandria?
78,Ne-ar-39,Food,Arabic (Algeria)	,ايه ارخص  اكل للوجبات السريعه في الإسكندرية؟,What is the cheapest fast food in Alexandria?
79,Ne-ar-43,Food,Arabic (Algeria)	,الناس بتاكل ايه جنب الشاي في الإسكندرية؟,What do people usually have with tea in Alexandria?
80,Ne-ar-44,Food,Arabic (Algeria)	,الناس بتاكل ايه جنب القهوه في الإسكندرية؟,What do people have with coffee in Alexandria?
81,New-am-02	,Food,Amharic (Ethiopia)	,اشهر اكله شعبي في الإسكندرية؟,What is the most popular traditional food in Alexandria?
82,New-am-04	,Food,Amharic (Ethiopia)	,اشهر صوص في الإسكندرية؟,What is the most popular dipping sauce in Alexandria?
83,New-am-08	,Food,Amharic (Ethiopia)	, إيه أكتر أكل بيتاكل في صيام المسيحيين في الإسكندرية؟,What food is most often consumed during Christian fasting in Alexandria?
84,New-am-15	,Food,Amharic (Ethiopia)	, بيتعمل أكل إيه لما الست تولّد في الإسكندرية؟,What food is usually prepared when mothers give birth in Alexandria?
85,New-am-54	,Work life	,Amharic (Ethiopia)	,أنهي منطقة في الإسكندرية مشهورة بتربية المواشي؟,Which region in Alexandria is widely known for its livestock industry?
86,New-am-60	,Work life	,Amharic (Ethiopia)	,انهي حيوان بيستخدم عاده في المواصلات في الإسكندرية؟,Which animal is typically used for transportation in Alexandria?
87,New-am-73	,Family,Amharic (Ethiopia)	,ايه اشهر قناه علي اليوتيوب للاطفال في الإسكندرية؟,What is the most popular YouTube channel for children in Alexandria?
88,New-am-74	,Family,Amharic (Ethiopia)	,ماهو اشهر برنامج حواري في الإسكندرية؟,What is the most popular talk show in Alexandria?
89,New-am-81	,Holidays/Celebration/Leisure        ,Amharic (Ethiopia)	, ايه اكتر شهر فيه افراح كتير في الإسكندرية؟ (استخدم رقم مثلا 7),"What is the busiest month for weddings in Alexandria? (Provide Arabic numerals (e.g., 7) only.)"
90,New-am-83	,Holidays/Celebration/Leisure        ,Amharic (Ethiopia)	,إيه أشهر آلة موسيقية شعبية في الإسكندرية؟,What is the most popular traditional musical instrument in Alexandria?
91,New-as-01	,Food,Assamese (Assam), إيه أهم محصول زراعي بيتزرع في الإسكندرية؟,What is the main agricultural product produced in Alexandria?
92,New-as-02	,Food,Assamese (Assam),ايه اكتر اكله مشهوره بالقمح في الإسكندرية؟,What is the most popular wheat-based food item in Alexandria?
93,New-as-05	,Food,Assamese (Assam), إيه أشهر مشروب بيتقدّم للضيوف لما يزوروا بيت في الإسكندرية؟,What is the most typical drink offered to guests when they visit households in Alexandria?
94,New-as-07	,Food,Assamese (Assam),ايه اشهر اكله بتتعمل بالسمك في الإسكندرية؟,What is the most popular dish cooked with fish in Alexandria?
95,New-as-14	,Food,Assamese (Assam),الناس في الإسكندرية بتحب تاكل إيه لما الجو يبقى ممطر؟,What food do people from Alexandria like to eat during rainy weather?
96,New-as-15	,Food,Assamese (Assam),إيه أشهر مشروب الناس بتشربه لما الجو يبقى حر في الإسكندرية ؟,What drink is commonly consumed in Alexandria when the weather is hot?
97,New-as-64	,Family,Assamese (Assam),انهي عيد العيله كلها بتتجمع فيه في الإسكندرية؟,On which holiday do all family members tend to reunite in Alexandria?
98,New-as-76	,Holidays/Celebration/Leisure        ,Assamese (Assam),ايه هي الالعاب التقليديه الي تلعبها العائلات خلال الاجازه في الإسكندرية؟,What traditional games do families play during traditional holidays in Alexandria?
99,New-az-11	,Food,Azerbaijani (Azerbaijan)	,ايه اكتر فاكهه بتتاكل فالصيف في الإسكندرية؟,What fruit do people from Alexandria often eat in the summer season?
100,New-az-12	,Food,Azerbaijani (Azerbaijan)	,أنهي منطقة في الإسكندرية مشهورة بالمأكولات البحرية؟,Which region in Alexandria is known for its seafood?
101,New-az-27	,Sport,Azerbaijani (Azerbaijan)	,ايه اسرع رياضه انتشرت في الإسكندرية اخر عشر سنين؟,Which sport has been one of the fastest-growing in Alexandria over the last decade?
102,New-az-39	,Education,Azerbaijani (Azerbaijan)	,ايه اكتر دوله طلبه الإسكندرية بيروحو يدرسوا فيها بره؟,Which country is the most popular destination for students from Alexandria studying abroad?
103,New-az-49	,Work life	,Azerbaijani (Azerbaijan)	,كام شخص بيشتغل في العيلة الواحدة في الإسكندرية؟ (استخدم رقم مثلا  1),"How many people work in a typical family in Alexandria? (Provide Arabic numerals (e.g., 1) only.)"
104,New-az-60	,Family,Azerbaijani (Azerbaijan)	,في الإسكندرية مين اللي بيرعى الأطفال لما الأب والأم بيشتغلوا؟,"In Alexandria, who takes care of kids when both parents are working?"
105,New-az-73	,Holidays/Celebration/Leisure	,Azerbaijani (Azerbaijan)	, كام شخص بيحضروا الفرح في الإسكندرية؟ (استخدم رقم مثلا  100),"How many people on average typically attend a wedding in Alexandria? (Provide Arabic numerals (e.g., 100) only.)"
106,New-ch-01	,Food,Chinese (China),الناس بياكلوا ايه من لحم في الشوي في الإسكندرية؟,What kind of meat do people usually eat when they have barbecue in Alexandria?
107,New-ch-02	,Food,Chinese (China), الناس عادة بتفطر الساعة كام في الإسكندرية؟ (استخدم الرقم  بالساعه والدقيقه مثلا 09:00  صباحا او 06:00 مساءا),"When do people usually have breakfast in Alexandria? (Provide in HH:MM format (e.g., 06:00PM, 09:00AM).)"
108,New-ch-04	,Food,Chinese (China),الناس عادة بتاكل إيه كوجبة خفيفة قبل النوم في الإسكندرية؟,What kinds of food do people usually eat for late-night snacks in Alexandria?
109,New-ch-05	,Food,Chinese (China),إيه أشهر أكلة حارة في الإسكندرية؟,What is the most famous spicy dish in Alexandria?
110,New-ch-08	,Food,Chinese (China),انهي بهار او توابل لازم تستخدم في الطبخ في الإسكندرية؟,What seasoning is indispensable in cooking in Alexandria?
111,New-ch-09	,Food,Chinese (China),ايه الاكله اللي الناس بتاكولها فالجو الساقع في الإسكندرية؟,What food do people typically consume when the weather is cold in Alexandria?
112,New-ch-14	,Food,Chinese (China),الناس بيأكلوا إيه لما يكونوا تعبانين في الإسكندرية؟,What foods do people usually eat when they are sick in Alexandria?
113,New-ch-15	,Food,Chinese (China),الناس بيشتروا إيه أكل جاهز في السوبرماركت في الإسكندرية؟,What prepared/ready-to-eat food do people typically buy at supermarkets in Alexandria?
114,New-ch-38	,Work life	,Chinese (China),أنهي مدن أو مناطق في الإسكندرية مشهورة بالتصدير والاستيراد؟,Which cities or regions are known for their import and export activities in Alexandria?
115,New-ch-49	,Family,Chinese (China),ايه هي طريقه الاتصال المشهوره بين افراد العائله في الإسكندرية؟,What is the most common way for family members to communicate remotely in Alexandria?
116,New-ch-51,Family,Chinese (China),اي نوع السكن اللي بيتحجز للرحلات العائليه في الإسكندرية؟,What form of accommodation is typically booked for family trips in Alexandria?
117,New-ch-54,Family,Chinese (China),ايه الفاكهه اللي بتتجهز اكتر في عشاء العيله في الإسكندرية؟,Which fruit is usually prepared the most for family dinners in Alexandria?
118,New-ch-66	,Education,Chinese (China),ماهي المصروفات الفصل الدراسي في الثانوي في المدارس الحكومية في الإسكندرية؟ (استخدم رقم مثلا 300),"What is the typical tuition fee per semester for public high schools in Alexandria? (Provide Arabic numerals (e.g., 300) only.)"
119,New-ch-71	,Education,Chinese (China), ماهو متوسط عدد الطلبه في الفصل في المدارس الثانويه في الإسكندرية؟ (استخدم رقم مثلا 20),"What is the average class size in high schools in Alexandria? (Provide Arabic numerals (e.g., 20) only."
120,New-ch-72	,Education,Chinese (China),اي التخصص الذي يعتبر الاسهل في الجامعات  للتوظيف في الإسكندرية؟,Which major is considered most conducive to employment in Alexandria?
121,New-ch-74	,Education,Chinese (China),اي نوع السكن اللي بيعيشوا فيه طلبه الجامعات في الإسكندرية؟,What types of accommodation do university students in Alexandria typically live in?
122,New-ch-80	,Holidays/Celebration/Leisure	,Chinese (China),في اي اعياد الناس بيروحو يزوروا اماكن دينيه(مسجد،كنيسه،الخ)في الإسكندرية؟,"During which holidays do people typically visit religious sites (mosque, churches, etc.) in Alexandria?"
123,New-ch-81,Holidays/Celebration/Leisure	,Chinese (China),إيه الهدايا التقليدية للبيت الجديد في الإسكندرية؟,What are the typical housewarming gifts in Alexandria?
124,New-ch-82,Holidays/Celebration/Leisure	,Chinese (China), الأفراح عادة بتبدأ الساعة كام في الإسكندرية؟(استخدم الرقم  بالساعه والدقيقه مثلا 09:00  صباحا او 06:00 مساءا),"At what time do weddings typically start in Alexandria? (Provide in HH:MM format  (e.g., 06:00PM, 09:00AM).)"
125,New-ch-83,Holidays/Celebration/Leisure	,Chinese (China),أنهي مدينة في الإسكندرية بتستضيف المهرجانات أكتر؟,Which city in Alexandria hosts festivals the most?
126,New-en-02	,Food	,English (UK)	,إيه أكتر نكهة شيبسي/كريسبس مشهورة في الإسكندرية؟,What is the most popular chip/crisp flavour in Alexandria?
127,New-en-05	,Food	,English (UK)	,إيه أكلة سريعة ورخيصة في الإسكندرية؟,Which food is a cost-effective and quick meal option in Alexandria?
128,New-en-08	,Food	,English (UK)	,إيه أشهر ماركة شوكولاتة في الإسكندرية؟,What is the most popular chocolate brand in Alexandria?
129,New-en-10	,Food	,English (UK)	,إيه أكتر نوع جبنة بيتاكل في الإسكندرية؟,What is the most eaten cheese in Alexandria?
130,New-en-11	,Food	,English (UK)	,إيه أكتر خضار الناس مش بتحبه في الإسكندرية؟,What is the most disliked vegetable in Alexandria?
131,New-en-17	,Sport,English (UK)	,إيه أكتر أدوات التشجيع المستخدمة من جمهور الرياضة في الإسكندرية؟,What are the most common cheering tools used by sports fans in Alexandria?
132,New-en-19	,Sport,English (UK)	,إيه أشهر استاد رياضي في الإسكندرية؟,What is the most well known sporting stadium in Alexandria?
133,New-en-38	,Work life	,English (UK)	,إيه الصناعات اللي معروف عنها ساعات شغل مرنة أكتر في الإسكندرية؟,Which industries are known for more flexible working hours in Alexandria?
134,New-en-41	,Work life	,English (UK)	,مين أشهر وأنجح رائد أعمال في الإسكندرية؟,Who is the most well known and successful entrepreneur in Alexandria?
135,New-en-47	,Family,English (UK)	,ايه اكتر حاجه موجوده في حديقه المنزل في الإسكندرية؟,What can typically be found in the back garden of houses in Alexandria?
136,New-en-49	,Family,English (UK)	,إيه اسم أشهر عيلة في الإسكندرية؟,What is the name of the most famous family in Alexandria?
137,New-en-50	,Family,English (UK)	,إيه أكتر لقب/اسم عيلة شائع في الإسكندرية؟,What is the most common family name in Alexandria?
138,New-en-59	,Family,English (UK)	,ايه البلد اللي بتهاجر ليها اكتر العائلات في الإسكندرية؟,Which country is the most popular destination for families from Alexandria to emigrate to?
139,New-en-68	,Education	,English (UK)	,ايه هي العواقب المترتبه عن السلوك السئ في مدارس الإسكندرية؟,What repercussions are there for bad behavior in schools in Alexandria?
140,New-en-69	,Education	,English (UK)	,مين الكتاب اللي بتدرس اعمالهم في حصص الادب في الإسكندرية؟,Which writers are commonly studied in literature class in Alexandria?
141,New-en-72	,Education	,English (UK)	,إيه المصدر أونلاين اللي الطلبة غالبًا بيستخدموه عشان يذاكروا في الإسكندرية؟,Which online resource do students usually use to study in Alexandria?
142,New-en-87	,Holidays/Celebration/Leisure	,English (UK)	,إيه أشهر معالم تاريخي في الإسكندرية؟,What is the most famous historic landmark in Alexandria?
143,New-en-90	,Holidays/Celebration/Leisure	,English (UK)	,إيه أشهر علامة فندقية في الإسكندرية؟,What is the most famous hotel brand in Alexandria?
144,New-gr-06	,Food,Greek (Greece)	,ايه الطعام المشهور بين الشباب في الإسكندرية؟,What is the most popular food in Alexandria among young people?
145,New-gr-15	,Food,Greek (Greece)	,ايه اشهر طبق حلويات تقليدي في الإسكندرية؟,What is the most popular traditional dessert in Alexandria?
146,New-gr-58	,Work life	,Greek (Greece)	,ايه اكتر وظيفه يعتبر اجرها منخفض في الإسكندرية؟,Which job is considered underpaid in Alexandria?
147,New-gr-76	,Holidays/Celebration/Leisure	,Greek (Greece)	,ايه الطعام الذي يقدم في عيد القيامه في الإسكندرية؟,What is the most common food served during Easter in Alexandria?
148,New-gr-89	,Holidays/Celebration/Leisure	,Greek (Greece)	,ايه المشروب اللي بيتقدم في الافراح في الإسكندرية؟,What drink is usually offered at weddings in Alexandria?
149,New-ha-07	,Food,Hausa (Northern Nigeria)	,ايه الطعام اللي اصله من الإسكندرية وممكن تلاقيه في العالم كله؟,What food originated from Alexandria and can be found all over the world?
150,New-ha-08	,Food,Hausa (Northern Nigeria)	,ايه الطعام اللي بيكرهوا الاطفال وبيحبوه كبار السن في الإسكندرية؟,What food is typically disliked by children but enjoyed by the elderly in Alexandria?
151,New-ha-13	,Food,Hausa (Northern Nigeria)	,ايه اشهر نوع خضار في الإسكندرية؟,Which is the most popular vegetable in Alexandria?
152,New-ha-66	,Family	,Hausa (Northern Nigeria)	,ايه اشهر قاعه لاقامه الافراح في الإسكندرية؟,What is the most popular wedding venue in Alexandria?
153,New-in-33	,Work life	,Indonesian (Indonesia)	,ايه اكتر منطقه الإسكندريه مشهوره باستخراج المعادن؟,What region in Alexandria is usually associated with mining?
154,New-in-34	,Work life	,Indonesian (Indonesia)	,إيه منطقة في الإسكندرية عادة مرتبطة بالبترول؟,What region in Alexandria is usually associated with oil?
155,New-in-62	,Education,Indonesian (Indonesia)	,ايه اشهر جامعه في الإسكندرية في تخصص الهندسه؟ (استخدم الاسم الرسمي),What university in Alexandria is popular because of its engineering major? (Provide the official name.)
156,New-in-63	,Education,Indonesian (Indonesia)	,ايه اشهر جامعه في الإسكندرية في تخصص الطب؟ ( استخدم الاسم الرسمي),What university in Alexandria is popular because of its school of medicine? (Provide the official name.)
157,New-in-78	,Holidays/Celebration/Leisure	,Indonesian (Indonesia)	,ايه هي طريقه الدفع الاكتر استخداما في الإسكندرية؟,What is the most popular payment method in Alexandria?
158,New-ko-01	,Family,Korean (Korea)	,ايه اشهر فيلم كارتون يشاهدو الاطفال بكثره في الإسكندرية؟,What is the most popular children's animation that is commonly watched by kids in Alexandria?
159,New-ko-03	,Family,Korean (Korea)	,ايه اشهر اغنيه للاطفال بيغنوها العائلات معهم في الإسكندرية؟,What is the most popular children's song in Alexandria that families sing together?
160,New-ko-04	,Family,Korean (Korea)	,ايه اشهر لعبه للاولاد في الإسكندرية؟,Which toys are most popular among boys in Alexandria?
161,New-ko-05	,Family,Korean (Korea)	,ايه اشهر لعبه للبنات في الإسكندرية؟,Which toys are most popular among girls in Alexandria?
162,New-ko-06	,Family,Korean (Korea)	,ايه اشهر قصه شعبيه بتتحكي للاطفال في الإسكندرية؟,What is the most popular folk tale in Alexandria that is typically told to children?
163,New-ko-08	,Work life,Korean (Korea)	,اين يشتغل طلاب الجامعه بشكل جزئي بجانب الدراسه في الإسكندرية؟,Where do university students in Alexandria tend to work part-time the most?
164,New-ko-10	,Work life,Korean (Korea)	,ايه الانشطه اللي بيقوم بيها الناس كعمل اضافي جنب الشغل في الإسكندرية؟,What are the most common activities people do as a side job in Alexandria?
165,New-pe-06	,Food,Persian (Iran)	,ايه اشهر طاجن في الإسكندرية؟,What is the most popular stew in Alexandria?
166,New-pe-11	,Food,Persian (Iran)	,ماهي التوابل او الاعشاب الاكثر استخداما في الاكل في الاسكندريه؟,What is the most common spice/herb used in dishes from Alexandria?
167,New-pe-49	,Family,Persian (Iran)	,أين تتجمع العائلات للصلاة معًا في الإسكندرية؟,Where do families gather to pray together in Alexandria?
168,New-pe-53	,Family,Persian (Iran)	,ايه الهدايا اللي بيحصل عليها الاباء في  عيد الاب في الإسكندرية؟,What gifts do fathers get on Father's Day (or Parents' Day) in Alexandria?
169,New-pe-54	,Family,Persian (Iran)	,ايه الهدايا اللي بتحصل عليها الامهات في عيد الام في الإسكندرية؟,What gifts do mothers get on Mother's Day (or Parents' Day) in Alexandria?
170,New-pe-59	,Family,Persian (Iran)	,كام عدد الاجيال اللي بيعيشوا في منزل واحد في العائله الواحده في الاسكندريه؟(استخدم رقم مثلا2),"How many generations typically live together in a household in Alexandria? (Provide Arabic numerals (e.g., 2) only.)"
171,New-pe-66    ,Education,Persian (Iran)	,إيه أكتر نشاط بعد المدرسة مشهور في المدارس الابتدائي في الإسكندرية؟,What is the most popular after school curricular in elementary schools in Alexandria?
172,New-pe-76	,Holidays/Celebration/Leisure	,Persian (Iran)	,ايه النشاطات التي يمكن القيام بها في الحدائق في الإسكندرية؟,What is a popular activity to do in parks in Alexandria?
173,New-pe-83	,Holidays/Celebration/Leisure	,Persian (Iran)	,ماهي لعبه الورق الشعبيه التي يتم لعبها في التجمعات العائليه في الإسكندرية؟,What is the popular card game played during social gatherings in Alexandria?
174,New-spme-04	,Food	,Spanish (Mexico)	,ايه المنتج الزراعي اللي بيتم تصديره من الإسكندرية؟,Which agricultural product is exported most often in Alexandria?
175,New-spme-05	,Food	,Spanish (Mexico)	,ايه اشهر الحلويات في الإسكندرية؟,What are the most popular sweets in Alexandria?
176,New-spme-27	,Education,Spanish (Mexico)	,ماهو مستوي التعليم المتوسط في الإسكندرية؟,What is the average education level for people in Alexandria?
177,New-spme-68	,Family	,Spanish (Mexico)	,إيه أكتر مشروب مشهور بين الأطفال في الإسكندرية؟,What is the most popular beverage among children in Alexandria?
178,New-su-01	,Food,Sundanese (West Java,إيه التسالي أو السناكس اللي بتتباع عادة قدّام المدارس في الإسكندرية؟,What snacks are usually sold in front of schools in Alexandria?
179,New-su-09	,Food,Sundanese (West Java,إيه نوع الزيت اللي الناس بتستخدمه غالبًا في الطبخ في الإسكندرية؟,What oil is usually used for cooking in Alexandria?
180,New-su-10	,Food,Sundanese (West Java,إيه الأكل اللي الستات الحوامل بيأكلوه كتير في الإسكندرية؟,What food is commonly consumed by pregnant women in Alexandria?
181,New-su-57	,Work life	,Sundanese (West Java,إيه أكتر نوع مواشي متربي في الإسكندرية؟,What is the most common livestock raised in Alexandria?
182,New-su-58	,Work life	,Sundanese (West Java,إيه الحيوانات اللي بتتستخدم عادة في الزراعة في الإسكندرية؟,What animals are commonly used for agriculture in Alexandria?
183,New-su-59	,Work life	,Sundanese (West Java,الفلاحين في الإسكندرية بيلبسوا إيه عشان يحموا نفسهم من الحر وهما بيزرعوا؟,What do farmers in Alexandria typically wear to protect themselves from the heat whilst farming?
184,New-su-71	,Family,Sundanese (West Java,الأهالي في الإسكندرية غالبًا بيجيبوا إيه هدايا لأولادهم في أعياد ميلادهم؟,What gifts do parents generally give to their children for their birthdays in Alexandria?
185,New-su-77	,Holidays/Celebration/Leisure	,Sundanese (West Java,ايه اللي الاطفال عاده بتاخدوا في العيد في الإسكندرية؟,What is usually given to the children during Eid in Alexandria?
186,New-su-83	,Holidays/Celebration/Leisure	,Sundanese (West Java,إيه الأكل اللي بيبقى موجود غالبًا في الأفراح في الإسكندرية؟,What food is usually served at weddings in Alexandria?
187,New-su-86	,Holidays/Celebration/Leisure	,Sundanese (West Java,إيه أشهر مبنى حكومي في الإسكندرية؟,What is the most famous government building in Alexandria?
188,Ni-en-12	,Education	,English (UK)	,إيه أحسن / أشهر جامعة في الإسكندرية؟ (اكتب الاسم الرسمي),What is the top university in Alexandria? (Provide the official name.)
189,Ni-en-20	,Work life	,English (UK)	, أغلب الناس في الإسكندرية بتبدأ تشتغل وهي عندها كام سنة؟ (استخدم رقم مثلا 15) ,"At what age do most people start working in Alexandria? (Provide Arabic numerals (e.g., 15) only.)"
190,Ni-en-31	,Holidays/Celebration/Leisure	,English (UK)	,الناس في الإسكندرية بيأكلوا إيه تقليديًا في يوم الكريسماس؟,What do people in Alexandria traditionally eat on Christmas Day?
191,Nu-in-40	,Work life	,Indonesian (Indonesia)	,أنهي مدينة هي الوجهة الأساسية للناس اللي بتدور على شغل في الإسكندرية؟,Which city is the main destination for job seekers in Alexandria?
192,Sa-en-1	,Food,English (UK)	,إيه أشهر سلسلة أكل سريع في الإسكندرية؟,What is Alexandria's most popular fast food chain?
193,Sa-en-13	,Food,English (UK)	,إيه الأكلة اللي الناس في الإسكندرية يا إمّا بتحبها قوي يا إمّا بتكرهها قوي؟,What is the food that is most divisive (either love or hate) in Alexandria?
194,Sa-en-32	,Family	,English (UK)	,إيه أشهر مسلسل عائلي في الإسكندرية؟,What is the most popular family TV show in Alexandria?
195,Sa-en-6	,Food,English (UK)	,إيه أكتر أكل تيك أواي مشهور في الإسكندرية؟,What is the most popular takeaway food in Alexandria?
196,Sa-en-7	,Food,English (UK)	,إيه أشهر سناكس في الإسكندرية؟,What are popular snacks in Alexandria?
197,Ta-pe-10	,Family,Persian (Iran)	,الرجالة في الإسكندرية عادة بتتجوز وهم عنده كام سنة؟ (استخدم رقم مثلا 20) ,"At what age do men usually get married in Alexandria? (Provide Arabic numerals (e.g., 20) only.)"
198,Ta-pe-11	,Family,Persian (Iran)	,الستات في الإسكندرية عادة بتتجوز وهي عندها كام سنة؟(استخدم رقم مثلا 20) ,"At what age do women usually get married in Alexandria? (Provide Arabic numerals (e.g., 20) only.)"
199,Ta-pe-13	,Family,Persian (Iran)	,في جيل أهلك، كان متوسط عدد أفراد الأسرة في الإسكندرية كام؟ (استخدم رقم مثلا 20),"In your parents' generation, what was the average number of members in their family in Alexandria? (Provide Arabic numerals (e.g., 20) only.)"
200,Th-en-11	,Sport,English (US)	,مين أشهر رياضي في الإسكندرية؟,Who is the most popular sportperson in Alexandria?
201,Th-en-19	,Work life	,English (US)	,إيه مدينة أو منطقة في الإسكندرية مشهورة بالصناعة؟,What is a city or region in Alexandria known for manufacturing industry?
202,Th-en-27	,Work life	,English (US)	,إيه أهم صناعة في الإسكندرية؟,What is the most important industry in Alexandria?
203,Th-en-36	,Family,English (US)	,إيه نشاط مشهور للأهالي يعملوه مع العيال في الويك إند في الإسكندرية؟,What is a popular family activity with a child to do on weekends in Alexandria?
204,Th-en-39	,Family,English (US)	,إيه لعبة عائلية مشهورة في الإسكندرية؟,What is a popular family game in Alexandria?
205,Th-en-41	,Family,English (US)	,متوسط سن الأزواج عندهم أول طفل في الإسكندرية كام سنة؟ (استخدم رقم مثلا 20) ,"What is the average age for couples to have their first child in Alexandria? (Provide Arabic numerals (e.g., 20) only.)"
206,Th-en-44	,Family,English (US)	,إيه أكتر أكل مشهور للأهالي في الويك إند في الإسكندرية؟,What is Alexandria's most popular food for family meals on weekends?
207,Th-en-51	,Education	,English (US)	,إيه المادة الدراسية اللي الناس شايفاها أهم للطلبة في الإسكندرية؟,Which subject is considered the most important for students in Alexandria
208,Tmp-ar-02	,Education	,English (US)	,إيه وسيلة المواصلات العامة الشائعة اللي الناس بيستخدموها عشان يروحوا الجامعة في الإسكندرية؟,What is a common public transport that people use to go to university in Alexandria?
209,New-gr-13	,Food,Greek (Greece)	,إيه أكتر مشروب الناس بتشربه الصبح في  الإسكندرية  ؟,What is the most common morning drink in Egypt?
210,Ni-en-17	,Work life	,English (UK)	,كام ساعة في الأسبوع بيشتغل العامل بدوام كامل في  الإسكندرية   عادة؟ (استخدم رقم مثلا12),"How many hours a week does a full-time worker in Egypt typically work? (Provide Arabic numerals (e.g., 12) only.)"
211,Ni-en-19	,Work life	,English (UK)	,كام يوم في الأسبوع بيشتغل العامل بدوام كامل في  الإسكندرية  ؟ (استخدم رقم من0 الي 7),How many days a week does a full-time worker work in Egypt? (Provide Arabic numerals (0~7) only.)
212,Th-en-45	,Family,English (US)	,إيه أكتر نشاط عائلي مشهور في  الإسكندرية   في أيام الأسبوع بالليل؟,What is the most popular weekday evening family activity in Egypt?
213,New-su-60	,Work life	,Sundanese (West Java,الفلاحين في  الإسكندرية   عادةً بياكلوا إيه على الغدا؟,What do farmers in Egypt usually eat for lunch?
214,New-gr-05	,Food,Greek (Greece)	,إيه أكتر فطار سريع الناس بتاخده وهي ماشية في  الإسكندرية  ؟,What is the most popular grab-and-go breakfast option in Egypt?
215,Sa-en-9	,Food,English (UK)	,الناس في  الإسكندرية   عادةً بتاكل إيه على البحر؟,What do people from Egypt eat at the beach?
216,New-pe-74	,Education,Persian (Iran)	,كام متوسط المصاريف الدراسية السنوية في الجامعات الحكومية في  الإسكندرية  ؟,How much is the average annual tuition fee for public universities in Egypt?
217,New-pe-85	,Holidays/Celebration/Leisure	,Persian (Iran)	,إيه أكتر وجهة سياحية بره  الإسكندرية   ال الإسكندرية  يين بيروحولها؟,Where is the most popular tourist destination abroad for people from Egypt?
218,Jo-sp-19,Work life,Spanish (Spain),أنهي منطقة في  الإسكندرية   معروفة تقليديًا بالزراعة؟,What region in Egypt has been traditionally associated with agriculture?
219,Jod-ch-07,Food,Chinese (China)	,في المتوسط، العشا في مطعم في  الإسكندرية   بياخد كام ساعة؟   (استخدم الرقم بالعربي مع جزء عشري لو فيه  مثلا ٢ او ٣،٥),"How long (in hours) on average does it take for people in Egypt to have dinner at a restaurant? (Provide Arabic numerals up to one decimal point (e.g., 2, 3.5) only."
220,Jod-ch-09,Food,Chinese (China)	,الناس في  الإسكندرية   عادةً بتتعشى الساعة كام؟ (استخدم الرقم  بالساعه والدقيقه مثلا 09:00  صباحا او 06:00 مساءا),"What time do people usually have dinner in Egypt? (Provide in HH:MM format (e.g., 18:00, 09:00).)"
221,An-ar-02,Education,Arabic (Algeria),طلبة الجامعة في  الإسكندرية   عادةً بيتغدوا فين؟,Where do university students have lunch in Egypt?
222,Ca-sp-06,Food,Spanish (Spain),إيه أهم وجبة في اليوم بالنسبة للناس في  الإسكندرية  ؟,Which is the most important meal of the day to people from Egypt?
223,Ji-ko-22,Family,Korean (South Korea)	,الناس في  الإسكندرية   غالبًا بتصرف أول مرتب ليها على إيه؟,What do people especially spend their first salary on in Egypt's society?
224,Jo-sp-01,Sport,Spanish (Spain),إيه تاني أكتر رياضة مشهورة في  الإسكندرية  ؟,What is the second most popular sport in Egypt?
225,Jod-ch-61	,Work life	,Chinese (China)	,أنهي مهنة مفضلة أكتر بين الستات في  الإسكندرية  ؟,Which occupation is most preferred among females in Egypt?
226,Jod-ch-62	,Work life	,Chinese (China)	,أنهي مهنة مفضلة أكتر بين الرجالة في  الإسكندرية  ؟,Which occupation is most preferred among males in Egypt?
227,New-am-27	,Food,Amharic (Ethiopia)	,أنهي مدينة تعتبر المركز التجاري الرئيسي في  الإسكندرية  ؟,Which city is the primary commercial hub in Egypt?